	datasets	outcomes	CV_R2_score	Elapsed time
0	METAB	quant	0.5383535540383735	568315.6259110001
